{"cameraMode":{"drawMode":0,"name":"Shaded","section":"Shading Mode"},"sceneLighting":false,"audioPlay":false,"sceneViewState":{"m_AlwaysRefresh":false,"showFog":true,"showSkybox":true,"showFlares":true,"showImageEffects":true,"showParticleSystems":true,"showVisualEffectGraphs":true,"m_FxEnabled":true},"in2DMode":false,"pivot":{"x":7.6753034591674809,"y":-0.5863229036331177,"z":36.093894958496097},"rotation":{"x":-0.0823444202542305,"y":0.09173382818698883,"z":-0.007940285839140416,"w":-0.9924734830856323},"size":10.519298553466797,"orthographic":false}