{"cameraMode":{"drawMode":0,"name":"Shaded","section":"Shading Mode"},"sceneLighting":false,"audioPlay":false,"sceneViewState":{"m_AlwaysRefresh":false,"showFog":true,"showSkybox":true,"showFlares":true,"showImageEffects":true,"showParticleSystems":true,"showVisualEffectGraphs":true,"m_FxEnabled":true},"in2DMode":false,"pivot":{"x":1.6716400384902955,"y":0.1383228302001953,"z":37.592750549316409},"rotation":{"x":0.027303265407681466,"y":-0.010238425806164742,"z":0.000802792317699641,"w":0.9997234344482422},"size":10.732522964477539,"orthographic":false}