{"cameraMode":{"drawMode":0,"name":"Shaded","section":"Shading Mode"},"sceneLighting":false,"audioPlay":false,"sceneViewState":{"m_AlwaysRefresh":false,"showFog":true,"showSkybox":true,"showFlares":true,"showImageEffects":true,"showParticleSystems":true,"showVisualEffectGraphs":true,"m_FxEnabled":true},"in2DMode":false,"pivot":{"x":7.550504207611084,"y":-1.9677133560180665,"z":37.102874755859378},"rotation":{"x":0.14535099267959596,"y":-0.007944191806018353,"z":-0.003997283522039652,"w":0.9895206689834595},"size":10.732522964477539,"orthographic":false}