{"cameraMode":{"drawMode":3,"name":"Shadow Cascades","section":"Miscellaneous"},"sceneLighting":true,"audioPlay":false,"sceneViewState":{"showFog":true,"showMaterialUpdate":false,"showSkybox":true,"showFlares":true,"showImageEffects":true,"showParticleSystems":true},"in2DMode":false,"pivot":{"x":2.113710880279541,"y":0.7614738941192627,"z":2.764394760131836},"rotation":{"x":0.13188199698925019,"y":-0.02642993815243244,"z":0.0037449004594236614,"w":0.9909979701042175},"size":6.083034515380859,"orthographic":false}