{"cameraMode":{"drawMode":3,"name":"Shadow Cascades","section":"Miscellaneous"},"sceneLighting":true,"audioPlay":false,"sceneViewState":{"showFog":true,"showMaterialUpdate":false,"showSkybox":false,"showFlares":true,"showImageEffects":true,"showParticleSystems":true},"in2DMode":false,"pivot":{"x":0.15856106579303742,"y":0.3063131868839264,"z":-1.1149097681045533},"rotation":{"x":-0.05276694893836975,"y":0.026058176532387735,"z":-0.0014327738899737597,"w":-0.9982903599739075},"size":0.15099668502807618,"orthographic":false}