{"cameraMode":{"drawMode":3,"name":"Shadow Cascades","section":"Miscellaneous"},"sceneLighting":true,"audioPlay":false,"sceneViewState":{"showFog":true,"showMaterialUpdate":false,"showSkybox":false,"showFlares":true,"showImageEffects":true,"showParticleSystems":true},"in2DMode":false,"pivot":{"x":0.12162250280380249,"y":0.030636072158813478,"z":0.09321105480194092},"rotation":{"x":-0.0850997120141983,"y":0.2806236445903778,"z":-0.024994883686304094,"w":-0.955727756023407},"size":0.8660253882408142,"orthographic":false}