{"cameraMode":{"drawMode":3,"name":"Shadow Cascades","section":"Miscellaneous"},"sceneLighting":true,"audioPlay":false,"sceneViewState":{"showFog":true,"showMaterialUpdate":false,"showSkybox":false,"showFlares":true,"showImageEffects":true,"showParticleSystems":true},"in2DMode":false,"pivot":{"x":0.04434244707226753,"y":1.7014678716659547,"z":-2.0998313426971437},"rotation":{"x":-0.2982639968395233,"y":0.05064509063959122,"z":-0.015867158770561219,"w":-0.9530256390571594},"size":0.17320507764816285,"orthographic":false}