{"cameraMode":{"drawMode":3,"name":"Shadow Cascades","section":"Miscellaneous"},"sceneLighting":true,"audioPlay":false,"sceneViewState":{"showFog":true,"showMaterialUpdate":false,"showSkybox":false,"showFlares":true,"showImageEffects":true,"showParticleSystems":true},"in2DMode":false,"pivot":{"x":-1.253720760345459,"y":-1.4952212572097779,"z":19.392309188842775},"rotation":{"x":-0.03927969932556152,"y":0.03206752613186836,"z":-0.0012613512808457018,"w":-0.9987221360206604},"size":10.0,"orthographic":false}