{"cameraMode":{"drawMode":0,"name":"Shaded","section":"Shading Mode"},"sceneLighting":false,"audioPlay":false,"sceneViewState":{"m_AlwaysRefresh":false,"showFog":true,"showSkybox":true,"showFlares":true,"showImageEffects":true,"showParticleSystems":true,"showVisualEffectGraphs":true,"m_FxEnabled":true},"in2DMode":false,"pivot":{"x":-2.9115002155303957,"y":1.0007596015930176,"z":28.700931549072267},"rotation":{"x":-0.15267154574394227,"y":-0.2685043215751648,"z":0.043112002313137057,"w":-0.9501643776893616},"size":10.519298553466797,"orthographic":false}