{"cameraMode":{"drawMode":3,"name":"Shadow Cascades","section":"Miscellaneous"},"sceneLighting":true,"audioPlay":false,"sceneViewState":{"showFog":true,"showMaterialUpdate":false,"showSkybox":false,"showFlares":true,"showImageEffects":true,"showParticleSystems":true},"in2DMode":false,"pivot":{"x":0.10725684463977814,"y":0.0167053434997797,"z":-0.891445517539978},"rotation":{"x":0.0056889839470386509,"y":-0.021900581195950509,"z":-0.00012436133692972362,"w":-0.9997496604919434},"size":0.15099668502807618,"orthographic":false}